,peptide_sequence,pdb_id,Method,AF_best_model_pLDDT,AF_best_model_pTM,model_number,length,solvent
1,AVVKVPLKKFKSIRETMKEKGLLGEF,1avf,X-RAY DIFFRACTION,92.8,0.39,5,26,
2,CGESCVWIPCISAALGCSCKNKVCYRNGIP,1bh4,SOLUTION NMR,90.6,0.479,3,30,Water
3,LCNERPSQTWSGNCGNTAHCDKQCQDWEKASHGACHKRENHWKCFCYFNC,1bk8,SOLUTION NMR,90.9,0.657,3,50,Water
4,APLSCGRNGGVCIPIRCPVPMRQIGTCFGRPVKCCRSW,1bnb,SOLUTION NMR,85.4,0.542,3,38,Water
5,YSRCQLQGFNCVVRSYGLPTIPCCRGLTCRSYFPGSTYGRCQRY,1cix,SOLUTION NMR,84.2,0.529,3,44,Water
6,VNYGNGVSCSKTKCSVNWGQAFQERYTAGINSFVSGVASGAGSIGRRP,1cw5,SOLUTION NMR,60.7,0.297,3,48,Water:TFE mixture
7,RSVCRQIKICRRRGGCYYKCTNRPY,1cz6,SOLUTION NMR,83.8,0.311,4,25,Water
8,DCYCRIPACIAGERRYGTCIYQGRLWAFCC,1dfn,X-RAY DIFFRACTION,94.5,0.533,3,30,
9,AGCIKNGGRCNASAGPPYCCSSYCFQIAGQSYGVCKNR,1dkc,SOLUTION NMR,79.4,0.48,4,38,"Sodium 4,4-dimethyl-4-silapentane-1-sulfonate"
10,GIGKYLHSAKKFGKAWVGEIMNS,1dum,SOLUTION NMR,90.5,0.265,3,23,DPC micelles
11,PVTCLKSGAICHPVFCPRRYKQIGTCGLPGTKCCKKP,1e4q,SOLUTION NMR,91.4,0.611,3,37,Water
12,YPSKPDNPGEDAPAEDLARYYSALRHYINLITRQRY,1f8p,SOLUTION NMR,88.8,0.554,3,36,DPC micelles
13,GFGCPNNYQCHRHCKSIPGRCGGYCGGWHRLRCTCYRCG,1fjn,SOLUTION NMR,87.7,0.552,3,39,Water
14,RGLRRLGRKIAHGVKKYGPTVLRIIRIAG,1fry,SOLUTION NMR,69.1,0.228,4,29,Water:TFE mixture
15,YPSKPDNPGEDAPAEDLARYYSALRHYINLAARQRY,1fvn,SOLUTION NMR,85.1,0.516,3,36,Water
16,DKLIGSCVWGAVNYTSDCNGECKRRGYKGGHCGSFANVNCWCET,1i2u,SOLUTION NMR,95.6,0.686,3,44,Sodium acetate buffer
17,DKLIGSCVWGAVNYTSDCNGECLLRGYKGGHCGSFANVNCWCET,1i2v,SOLUTION NMR,95.3,0.682,3,44,Sodium acetate buffer
18,ATCDLLSGTGINHSACAAHCLLRGNRGGYCNGKGVCVCRN,1ica,SOLUTION NMR,77.3,0.484,3,40,Water
19,YPSKPDNPGEDAPAEDLARYYSALRHYINLAPRQRY,1icy,SOLUTION NMR,83.1,0.495,3,36,DPC micelles
20,ELPKLPDDKVLIRSRSNCPKGKVWNGFDCKSPFAFS,1iyc,SOLUTION NMR,53.3,0.159,1,36,Water
21,KTCEHLADTYRGVCFTNASCDDHCKNKAHLISGTCHNWKCFCTQNC,1jkz,SOLUTION NMR,89.4,0.623,3,46,Sodium phosphate buffer
22,KSCCPNTTGRNIYNTCRFGGGSRQVCASLSGCKIISASTCPSDYPK,1jmn,SOLUTION NMR,91.2,0.67,4,46,Water
23,KSCCPNTTGRNIYNTCRLGGGSRERCASLSGCKIISASTCPSDYPK,1jmp,SOLUTION NMR,91.1,0.669,4,46,Water
24,GIINTLQKYYCRVRGGRCAVLSCLPKEEQIGKCSTRGRKCCRRKK,1kj6,SOLUTION NMR,93.5,0.654,3,45,Water
25,AKIPIKAIKTVGKAVGKGLRAINIASTANDVFNFLKPKKRKA,1kv4,SOLUTION NMR,79.4,0.379,3,42,Methanol
26,ATCDLLSGTGINHSACAAHCLLRGNRGGYCNGKAVCVCRN,1l4v,SOLUTION NMR,76.5,0.476,3,40,Methanol
27,FKCRRWQWRMKKLGAPSITCVRRAF,1lfc,SOLUTION NMR,70.3,0.242,3,25,Water
28,GCLEFWWKCNPNDDKCCRPKLKCSKLFKLCNFSF,1lu8,SOLUTION NMR,91.8,0.563,3,34,Water
29,SSMKLSFRARAYGFRGPGPQL,1lv4,SOLUTION NMR,67.8,0.192,5,21,Water
30,GLRKRLRKFRNKIKEKLKKIGQKIQGLLPKLA,1lyp,SOLUTION NMR,90.2,0.42,3,32,Water
31,ICIFCCGCCHRSKCGMCCKT,1m4e,SOLUTION NMR,86.6,0.084,3,20,Water
32,ACNFQSCWATCQAQHSIYFRRAFCDRSQCKCVFVRG,1mm0,SOLUTION NMR,92.6,0.572,5,36,Water
33,VGECVRGRCPSGMCCSQFGYCGKGPKYCGR,1mmc,SOLUTION NMR,85.1,0.427,3,30,Water
34,DCLSGRYKGPCAVWDNETCRRVCKEEGRSSGHCSPSLKCWCEGC,1myn,SOLUTION NMR,91.2,0.616,1,44,Water
35,KYYGNGVHCGKHSCTVDWGTAIGCIGNNAAANWATGGNAGWNKC,1ohm,SOLUTION NMR,82.8,0.487,4,44,DPC micelles
36,VCGETCVGGTCNTPGCTCSWPVCT,1orx,SOLUTION NMR,95.1,0.354,5,24,Water
37,DKLIGSCVWGAVNYTSNCNAECKRRGYKGGHCGSFANVNCWCET,1ozz,SOLUTION NMR,96.1,0.696,3,44,Sodium acetate buffer
38,DKLIGSCVWGAVNYTSNCRAECKRRGYKGGHCGSFANVNCWCET,1p00,SOLUTION NMR,94.8,0.68,3,44,Sodium acetate buffer
39,DKLIGSCVWGAVNYTSNCNAECKRRGYKGGHCGSFLNVNCWCET,1p0a,SOLUTION NMR,95.3,0.682,3,44,Sodium acetate buffer
40,AKKVFKRLEKLFSKIQNDK,1p0g,SOLUTION NMR,93.9,0.106,3,19,SDS micelles
41,AKKVFKRLEKLFSKIWNDK,1p0l,SOLUTION NMR,91.7,0.095,3,19,SDS micelles
42,AKKVFKRLEKLFSKIWNWK,1p0o,SOLUTION NMR,88.7,0.088,3,19,SDS micelles
43,AKKVFKRLEKSFSKIQNDK,1p5k,SOLUTION NMR,93.3,0.103,3,19,SDS micelles
44,AKKVSKRLEKLFSKIQNDK,1p5l,SOLUTION NMR,88.7,0.104,3,19,SDS micelles
45,NKGCATCSIGAACLVDGPIPDFEIAGATGLFGLWG,1pxq,SOLUTION NMR,58.6,0.189,4,35,SDS micelles
46,CIKNGNGCQPNGSQGNCCSGYCHKQPGWVAGYCRRK,1q3j,SOLUTION NMR,88.5,0.509,3,36,Sodium acetate buffer
47,YPSKPDNPGEDAPAEDMARYYSALRHYINLITRQRY,1ron,SOLUTION NMR,90.4,0.575,3,36,Water
48,GCRFCCNCCPNMSGCGVCCRF,1s6w,SOLUTION NMR,90.3,0.27,3,21,Water
49,RTCMIKKEGWGKCLIDTTCAHSCKNRGYIGGNCKGMTRTCYCLVNC,1ti5,SOLUTION NMR,87.8,0.62,3,46,Water
50,GCLEFWWKCNPNDDKCCRPKLKCSKLFKLCNFSF,1tyk,SOLUTION NMR,91.8,0.563,3,34,Water
51,YPSKPDNPGEDAPAEDLAQYAADLRHYINLITRQRY,1tz4,SOLUTION NMR,88.1,0.54,3,36,DPC micelles
52,EIAALEKEIAALEKEIAALEK,1u0i,SOLUTION NMR,95.6,0.331,4,21,Water:TFE mixture
53,SFGLCRLRRGFCARGRCRFPSIPIGRCSRFVQCCRRVW,1ut3,SOLUTION NMR,91.6,0.583,3,38,Water
54,CAESCVWIPCTVTALLGCSCSNKVCYNGIP,1vb8,SOLUTION NMR,87.5,0.466,3,30,Water:Acetonitrile mixture
55,ASIVKTTIKAAKKLCRGFTLTCGCHFTGKK,1w9n,SOLUTION NMR,61.1,0.261,2,30,Water
56,GKIPVKAIKKAGAAIGKGLRAINIASTAHDVYSFFKPKHKKK,1x22,SOLUTION NMR,78.2,0.395,3,42,Methanol
57,HSSGYTRPLRKPSRPIFIRPIGCDVCYGIPSSTARLCCFRYGDCCHL,1xv3,SOLUTION NMR,61.5,0.313,4,47,Water
58,KSSAYSLQMGATAIKQVKKLFKKWGW,1ytr,SOLUTION NMR,78.4,0.293,3,26,DPC micelles
59,GWGSFFKKAAHVGKHVGKAALTHYL,1z64,SOLUTION NMR,80.1,0.272,3,25,DPC micelles
60,VCSCRLVFCRRTELRVGNCLIGGVSFTYCCTRV,1zmm,X-RAY DIFFRACTION,93.8,0.549,5,33,
61,VGECVRGRCPSGMCCSQFGFCGKGPKYCGR,1znt,SOLUTION NMR,84,0.423,4,30,"N,N,N-triacetylchitotriose"
62,RGFRKHFNKLVKKVKHTISETAHVAKDTAVIAGSGAAVVAAT,1zrx,SOLUTION NMR,73.2,0.344,3,42,Water:TFE mixture
63,VGECVRGRCPSGMCCSQWGYCGKGPKYCGR,1zuv,SOLUTION NMR,86.8,0.456,3,30,Sodium phosphate buffer
64,VGECVRGRCPSGMCCSQAGYCGKGPKYCGR,1zwu,SOLUTION NMR,85.1,0.441,3,30,Sodium phosphate buffer
65,ARSYGNGVYCNNKKCWVNRGEATQSIIGGMISGWASGLAGM,2a2b,SOLUTION NMR,63.4,0.242,3,41,DPC micelles
66,RVKRVWPLVIRTVIAGYNLYRAIKKK,2amn,SOLUTION NMR,88.1,0.348,3,26,Water:TFE mixture
67,RRWCFRVCYRGRFCYRKCR,2b5k,SOLUTION NMR,90.4,0.085,3,19,DPC micelles
68,GFGCPGNQLKCNNHCKSISCRAGYCDAATLWLRCTCTDCNGKK,2b68,SOLUTION NMR,83.3,0.515,3,43,Water
69,YVSCLFRGARCRVYSGRSCCFGYYCRRDFPGSIFGTCSRRNF,2dcv,SOLUTION NMR,83.6,0.527,3,42,Water
70,YITCLFRGARCRVYSGRSCCFGYYCRRDFPGSIFGTCSRRNF,2dcw,SOLUTION NMR,83.1,0.522,3,42,Water
71,YPIKPEAPGEDASPEELNRYYASLRHYLNLVTRQRY,2dez,SOLUTION NMR,84.9,0.493,3,36,Water
72,IKPEAPGEDASPEELNRYYASLRHYLNLVTRQRY,2df0,SOLUTION NMR,84.3,0.454,3,34,Water
73,ATCDLASKWNWNHTLCAAHCIARRYRGGYCNSKAVCVCRN,2e3g,SOLUTION NMR,79.2,0.487,3,40,Sodium acetate buffer
74,CGESCVFIPCISTLLGCSCKNKVCYRNGVIP,2eri,SOLUTION NMR,88.7,0.479,3,31,Water:Acetonitrile mixture
75,IGKEFKRIVQRIKDFLRNLVPRTES,2fcg,SOLUTION NMR,82.6,0.334,3,25,SDS micelles
76,SAISCGETCFKFKCYTPRCSCSYPVCK,2fqa,SOLUTION NMR,89.3,0.428,4,27,Water
77,GILDTLKQFAKGVGKDLVKGAAQGVLSTVSCKLAKTC,2g9l,SOLUTION NMR,74.8,0.288,3,37,Water:Methanol mixture
78,GLFGKLIKKFGRKAISYAVKKARGKH,2g9p,SOLUTION NMR,80.7,0.279,5,26,SDS micelles
79,LVQRGRFGRFLRKIRRFRPKVTITIQGSARF,2gdl,SOLUTION NMR,68.4,0.266,3,31,Water:TFE mixture
80,KTCENLANTYRGPCFTTGSCDDHCKNKEHLRSGRCRDDFRCWCTRNC,2gl1,SOLUTION NMR,96.9,0.757,3,47,Sodium phosphate buffer
81,KRFWPLVPVAINTVAAGINLYKAIRRK,2hfr,SOLUTION NMR,89.5,0.375,3,27,Water:TFE mixture
82,SGSLSTFFRLFNRSFTQALGK,2i2j,SOLUTION NMR,89.9,0.284,5,21,Water:TFE mixture
83,KWKVFKKIEKKWKVFKKIEKAGPKWKVFKKIEK,2igr,SOLUTION NMR,81.1,0.387,5,33,Water:HFP mixture
84,GVCPKILKKCRRDSDCPGACICRGNGYCG,2it8,SOLUTION NMR,90.4,0.468,5,29,Water
85,FLSLIPHAINAVSTLVHHF,2jpy,SOLUTION NMR,88.1,0.105,4,19,Water:TFE mixture
86,FLSLIPHAINAVSAIAKHN,2jq0,SOLUTION NMR,85.4,0.097,4,19,Water:TFE mixture
87,FLSLIPHAINAVSALANHG,2jq1,SOLUTION NMR,88.2,0.103,4,19,Water:TFE mixture
88,GKIPVKAIKQAGKVIGKGLRAINIAGTTHDVVSFFRPKKKKH,2jr8,SOLUTION NMR,77.1,0.402,3,42,Methanol
89,RWCVYAYVRVRGVLVRYRRCW,2jsb,SOLUTION NMR,92.2,0.214,3,21,Water
90,CGETCTLGTCYTQGCTCSWPICKRNGLPV,2jwm,SOLUTION NMR,87.2,0.461,3,29,DPC Micelles
91,GILSSFKGVAKGVAKDLAGKLLETLKCKITGC,2k10,SOLUTION NMR,83.7,0.335,1,32,Water
92,RRTCHCRSRCLRRESNSGSCNINGRIFSLCCR,2k1i,SOLUTION NMR,91.8,0.479,3,32,Water:TFE mixture
93,GFGALFKFLAKKVAKTVAKQAAKQGAKYVVNKQME,2k38,SOLUTION NMR,77.1,0.333,3,35,Water:TFE mixture
94,GVPICGETCTLGTCYTAGCSCSWPVCTRN,2k7g,SOLUTION NMR,91.6,0.509,3,29,Water
95,GIGKFLKKAKKGIGAVLKVLTTGL,2k98,SOLUTION NMR,85.9,0.218,3,24,LPS micelles
96,GRFKRFRKKFKKLFKKLSPVIPLLHL,2ket,SOLUTION NMR,78.1,0.288,3,26,Water:Ethanol mixture
97,KCNTATCATQRLANFLVRSSNNLGPVLPPTNVGSNTY,2kj7,SOLUTION NMR,77,0.371,2,37,DPC micelles
98,SGPNGQCGPGWGGCRGGLCCSQYGYCGSGPKYCAH,2kus,SOLUTION NMR,92,0.578,3,35,Water
99,GTPCGESCVYIPCISGVIGCSCTDKVCYLN,2kux,SOLUTION NMR,92,0.501,3,30,Water
100,MTPFWRGVSLRPIGASCRDDSECITRLCRKRRCSLSVAQE,2l1q,SOLUTION NMR,75.5,0.434,3,40,Water
101,GSGRGSCRSQCMRRHEDEPWRVQECVSQCRRRRGGGD,2l2r,SOLUTION NMR,80.3,0.512,3,37,Water
102,GIGKALKKAKKGIGAVLKVLTTGL,2l36,SOLUTION NMR,86.4,0.223,3,24,LPS micelles
103,GIRCPKSWKCKAFKQRVLKRLLAMLRQHAF,2l3i,SOLUTION NMR,77.3,0.346,3,30,DPC micelles
104,GLKEIFKAGLGSLVKGIAAHVAS,2l5r,SOLUTION NMR,93.3,0.278,5,23,Water
105,KKLKLAPAKLALLWKALALKLKKA,2l96,SOLUTION NMR,80.1,0.213,5,24,SDS micelles
106,KKLKLALAKPALLWKALALKLKKA,2l99,SOLUTION NMR,76.7,0.195,3,24,SDS micelles
107,KKLKLALAKLAPLWKALALKLKKA,2l9a,SOLUTION NMR,80,0.192,3,24,SDS micelles
108,RWKIFKKIEKVGRNVRDGIIKAGPAVAVVGQAATVVK,2la2,SOLUTION NMR,75.4,0.361,5,37,Water
109,GLPTCGETCTLGTCYVPDCSCSWPICMKN,2lam,SOLUTION NMR,92.8,0.515,3,29,Water:Acetonitrile mixture
110,AQRCGDQARGAKCPNCLCCGKYGFCGSGDAYCGAGSCQSQCRGC,2lb7,SOLUTION NMR,89.1,0.612,3,44,Water
111,AACSDRAHGHICESFKSFCKDSGRNGVKLRANCKKTCGLC,2lg4,SOLUTION NMR,91.7,0.598,4,40,Water
112,LFCKGGSCHFGGCPSHLIKVGSCFGFRSCCKWPWNA,2lg5,SOLUTION NMR,84.6,0.496,3,36,Water
113,LFCKGGSCHFGGCPSHLIKVGSCFGFRSCCAWPWNA,2lg6,SOLUTION NMR,84.9,0.502,3,36,Water
114,KTCENLSDSFKGPCIPDGNCNKHCKEKEHLLSGRCRDDFRCWCTRNC,2lj7,SOLUTION NMR,92,0.694,3,47,Water
115,KYYGNGVHSTKSGSSVNWGEAFSAGVHRLANGGNGFW,2ljq,SOLUTION NMR,59.7,0.266,3,37,Water:TFE mixture
116,KYYGNGVHLTKSGLSVNWGEAFSAGVHRLANGGNGFW,2ljt,SOLUTION NMR,58.1,0.266,3,37,Water:TFE mixture
117,ATCDLLSGTGVKHSACAAHCLLRGNRGGYCNGRAICVCRN,2lld,SOLUTION NMR,77.6,0.49,3,40,Sodium phosphate buffer
118,LLGDFFRKSKEKIGKEFKRIVQR,2lmf,SOLUTION NMR,93.8,0.286,3,23,Water
119,VTCDVLSFEAKGIAVNHSACALHCIALRKKGGSCQNGVCVCRN,2ln4,SOLUTION NMR,71.1,0.452,3,43,Water
120,DAEFRHDSGYEVHHQKLVFFAENVGSNKGAIIGLMVGGVV,2lnq,SOLID-STATE NMR,60.2,0.254,5,40,
121,RTCESQSHKFKGPCASDHNCASVCQTERFSGGRCRGFRRRCFCTTHC,2lr3,SOLUTION NMR,92.3,0.658,3,47,Water
122,GFGCPFNENECHAHCLSIGRKFGFCAGPLRATCTCGKQ,2lr5,SOLUTION NMR,89.1,0.565,3,38,Water
123,RKCNFLCKLKEKLRTVITSHIDKVLRPQG,2lr7,SOLUTION NMR,86.7,0.392,3,29,Water
124,GWGSFFKKAAHVGKHVGKAALTHYL,2ls9,SOLUTION NMR,80.1,0.272,3,25,SDS micelles
125,GIGKFLHSAKKFGKAFVGEIMNS,2lsa,SOLUTION NMR,93.1,0.286,3,23,SDS micelles
126,GFGCPGDAYQCSEHCRALGGGRTGGYCAGPWYLGHPTCTCSF,2lt8,SOLUTION NMR,85.8,0.527,3,42,Water
127,GIINTLQKYYCRVRGAICHPVFCPRRYKQIGTCGLPGTKCCKKP,2lxo,SOLUTION NMR,93,0.643,3,44,Water
128,ADDRCERMCQRYHDRREKKQCMKGCRYG,2m6a,SOLUTION NMR,84.6,0.403,3,28,Water
129,ADRGWIKTLTKDCPNVISSICAGTIITACKNCA,2m8v,SOLUTION NMR,51.4,0.158,4,33,Sodium acetate buffer
130,GLPVCGETCTLGTCYTQGCTCSWPICKRN,2m9o,SOLUTION NMR,91.8,0.506,3,29,Water
131,GIGKFLHSAKKFGKAFVGEIMNS,2mag,SOLUTION NMR,93.1,0.286,3,23,DPC micelles
132,GLPRKILCAIAKKKGKCKGPLKLVCKC,2mbd,SOLUTION NMR,90.5,0.422,3,27,Water
133,TCHIRRKPKFRKFKLYHEGKFWCP,2mdl,SOLUTION NMR,72.4,0.134,3,24,Water
134,CVLIGQRCDNDRGPRCCSGQGNCVPLPFLGGVCAV,2mfs,SOLUTION NMR,81.3,0.45,3,35,Water
135,GIGGVLLSAGKAALKGLAKVLAEKYAN,2mhw,SOLUTION NMR,87,0.344,5,27,SDS micelles
136,GLGKAQCAALWLQCASGGTIGCGGGAVACQNYRQFCR,2mij,SOLUTION NMR,80.7,0.481,3,37,Water
137,GLFGVLAKVAGHVVGAIAEHF,2mmj,SOLUTION NMR,93.7,0.298,4,21,DPC micelles
138,GGLKKLGKKLEGAGKRVFKASEKALPVVVGIKAIGK,2mmm,SOLUTION NMR,87.3,0.432,5,36,Water:TFE mixture
139,GGAGHVPEYFVRGDFPISFYG,2mmt,SOLUTION NMR,60.4,0.122,3,21,Methanol
140,GGAGHVPEYFVRGDTPISFYG,2mmw,SOLUTION NMR,63.8,0.116,3,21,Methanol
141,GLPVCGETCVGGTCNTPGCTCSWWPVCTRN,2mn1,SOLUTION NMR,89.7,0.503,3,30,Water:Acetonitrile mixture
142,DAEFRHDSGYEVHHQKLVFFADVGSNKGAIIGLMVGGVV,2mvx,SOLID-STATE NMR,57.8,0.159,2,39,
143,KRFKKFFKKVKKSVKKRLKKIFKKPMVIGVTIPF,2mwt,SOLUTION NMR,78.2,0.363,3,34,DPC micelles
144,FEDLPNFGHIQVKVFNHGEHIHH,2n1c,SOLUTION NMR,61.8,0.125,3,23,Water
145,VKVKVKVKVPPTKVKVKVKV,2n1e,SOLID-STATE NMR,89.2,0.087,5,20,
146,FEDLPNFGHIQVKVFNHGEHIHH,2n30,SOLUTION NMR,61.8,0.125,3,23,Methanol
147,KYYGNGVSCNKKGCSVDWGKAIGIIGNNAAANLTTGGKAGWKG,2n4k,SOLUTION NMR,72.4,0.348,5,43,Water:TFE mixture
148,SWLSKTAKKLENSAKKRISEGIAIAIQGGPR,2n92,SOLUTION NMR,85.4,0.374,3,31,LPS micelles
149,IKPEAPGEDASPEELNRYYASLRHYLNLVTRQRY,2na5,SOLUTION NMR,84.3,0.454,3,34,Water
150,GLNALKKVFQGIHEAIKLINNHVQ,2ncx,SOLUTION NMR,91.8,0.276,3,24,DPC micelles
151,GLNALKKVFQPIHEAIKLINNHVQ,2ncy,SOLUTION NMR,89.8,0.266,3,24,DPC micelles
152,DHYACVSSGGQCLYSACPIFTKIQGTCYRGKAKCCK,2nlb,X-RAY DIFFRACTION,95.7,0.619,3,36,
153,DHYNCVSAGGQCLYSACPIFTKIQGTCYRGKAKCCK,2nlc,X-RAY DIFFRACTION,94.9,0.603,3,36,
154,DHYNCVSSGGACLYSACPIFTKIQGTCYRGKAKCCK,2nld,X-RAY DIFFRACTION,96,0.632,5,36,
155,DHYNCVSSGGQCAYSACPIFTKIQGTCYRGKAKCCK,2nle,X-RAY DIFFRACTION,95.1,0.607,3,36,
156,DHYNCVSSGGQCEYSACPIFTKIQGTCYRGKAKCCK,2nlf,X-RAY DIFFRACTION,94.9,0.604,3,36,
157,DHYNCVSSGGQCLYSACPIFTEIQGTCYRGKAKCCK,2nlg,X-RAY DIFFRACTION,96.1,0.629,3,36,
158,DHYNCVSSGGQCLYSACPIFTKIAGTCYRGKAKCCK,2nlh,X-RAY DIFFRACTION,95.6,0.619,3,36,
159,DHYNCVSSGGQCLYSACPIFTKIEGTCYRGKAKCCK,2nlp,X-RAY DIFFRACTION,96,0.628,5,36,
160,DHYNCVSSGGQCLYSACPIFTKIQGTCYRGAAKCCK,2nlq,X-RAY DIFFRACTION,95.9,0.629,5,36,
161,DHYNCVSSGGQCLYSACPIFTKIQGTCYRGEAKCCK,2nls,X-RAY DIFFRACTION,95.6,0.62,5,36,
162,ATCDLASGFGVGSSLCAAHCIARRYRGGYCNSKAVCVCRN,2ny8,SOLUTION NMR,81.4,0.523,3,40,Sodium acetate buffer
163,ATCDLASIFNVNHALCAAHCIARRYRGGYCNSKAVCVCRN,2nz3,SOLUTION NMR,78.8,0.492,3,40,Sodium acetate buffer
164,FFHHIFRPIVHVGKTIHRLVTG,2ojn,SOLUTION NMR,87.8,0.251,3,22,SDS micelles
165,FFHHIFRAIVHVAKTIHRLVTG,2ojo,SOLUTION NMR,92.6,0.273,3,22,SDS micelles
166,YPAKPEAPGEDASAEELSRYYASLRHYLNLVTRQRY,2oon,SOLUTION NMR,85,0.498,3,36,Sodium acetate buffer
167,YPAKPEYPGEDASPEELSRYYASLRHYLNLVTRQRY,2oop,SOLUTION NMR,85.7,0.506,3,36,Sodium acetate buffer
168,SMWSGMWRRKLKKLRNALKKKLKGEK,2pco,SOLUTION NMR,86.3,0.347,3,26,SDS micelles
169,DHYNCVSSGGQCLYSACPIFTRIQGTCYRGRARCCR,2plz,X-RAY DIFFRACTION,96.1,0.63,3,36,
170,ACYCRIPACIAGEAAYGTCIYQGALWAFCC,2pm1,X-RAY DIFFRACTION,92.3,0.496,5,30,
171,DCYCRIPACIAGEKKYGTCIYQGKLWAFCC,2pm4,X-RAY DIFFRACTION,96.3,0.56,5,30,
172,DCYCRIPACIAGEAAYGTCIYQGALWAFCC,2pm5,X-RAY DIFFRACTION,94.3,0.541,5,30,
173,CPKILKKCRRDSDCPGACICRGNGYCGSGSDGGV,2po8,SOLUTION NMR,83.6,0.505,4,34,Water
174,ELDKWASLWNWFNITNWLWYIK,2pv6,SOLUTION NMR,83,0.204,3,22,DPC micelles
175,KSCCPNTTGRDIYNTCRLGGGSRERCASLSGCKIISASTCPSDYPK,2v9b,X-RAY DIFFRACTION,91,0.668,4,46,
176,KSCCPSTTGRNIYNTCRLTGSSRETCAKLSGCKIISASTCPSNYPK,3c8p,X-RAY DIFFRACTION,91.2,0.677,4,46,
177,CGETCTLGTCYTAGCSCSWPVCTRNGVPI,3e4h,X-RAY DIFFRACTION,89.1,0.474,3,29,
178,ACYCRIPACIAGERRYGTCIYAGRLWAFCC,3h6c,X-RAY DIFFRACTION,92.6,0.491,3,30,
179,CGGACYCRIPACIAGERRYGTCIYQGRLWAFCC,3hj2,X-RAY DIFFRACTION,84.2,0.439,3,33,
180,ACYCRIPACIAGERRAGTCIYQGRLWAFCC,3lo1,X-RAY DIFFRACTION,92,0.482,3,30,
181,ACYCRIPACIAGERRYGTCIAQGRLWAFCC,3lo2,X-RAY DIFFRACTION,92.6,0.492,3,30,
182,ACYCRIPACIAGERRYGTCIYQGALWAFCC,3lo4,X-RAY DIFFRACTION,93.1,0.507,3,30,
183,ACYCRIPACIAGERRYGTCIYQGRLWAACC,3loe,X-RAY DIFFRACTION,91.4,0.473,5,30,
184,ACYCRAPACIAGERRYGTCIYQGRLWAFCC,3lvx,X-RAY DIFFRACTION,92.6,0.491,3,30,
185,KDRPKKPGLCPPRPQKPCVKECKNDDSCPGQQKCCNYGCKDECRDPIFVG,3ngg,X-RAY DIFFRACTION,91.8,0.691,4,50,
186,KTCENLADTFRGPCFTDGSCDDHCKNKEHLIKGRCRDDFRCWCTRNC,3psm,X-RAY DIFFRACTION,96.2,0.734,3,47,
187,ACYCRIPACIAGERRYATCIYQGRLWAFCC,4du0,X-RAY DIFFRACTION,92.7,0.5,3,30,
188,ACYCRIPACIAGERRAGTCIYQGRLWAACC,4lb1,X-RAY DIFFRACTION,91.9,0.468,3,30,
189,ACYCRIPACIAGERRAGTCAYQGRAWAACC,4lb7,X-RAY DIFFRACTION,92.6,0.477,4,30,
190,ACYCRIPACIAGERRYGTCAYQGRLWAFCC,4lbb,X-RAY DIFFRACTION,91.6,0.468,3,30,
191,ACYCRIPACIAGERRYGTCAYQGRAWAFCC,4lbf,X-RAY DIFFRACTION,92.8,0.496,3,30,
192,ACQCPDAISGWTHTDYQCHGLENKMYRHVYAICMNGTQVYCRTEWGSSC,4ozk,X-RAY DIFFRACTION,94.2,0.648,4,49,
193,GLPVCAETCVGGTCNTPGCTCSWPVCTRNG,4ttn,X-RAY DIFFRACTION,90.9,0.501,3,30,
194,GLPVCGETCVGGTCNTPGCTCSWPACTRNG,4tto,X-RAY DIFFRACTION,91.3,0.51,3,30,
195,GIGKFLHAAKKFGKAFVAEIMNS,5cgo,X-RAY DIFFRACTION,94.5,0.296,3,23,
196,LRVRRTLQCSCRRVCRNTCSCIRLSRSTYAS,5gwg,SOLUTION NMR,65.9,0.264,4,31,Water
197,FIHHIIGGLFSAGKAIHRLIRRRRR,5h2s,SOLUTION NMR,89.5,0.324,3,25,DPC micelles
198,IFGAIWPLALGALKNLIK,5j6t,SOLUTION NMR,88.1,0.085,3,18,DPC micelles
199,DIFGAIWPLALGALKNLIK,5j6v,SOLUTION NMR,90.9,0.094,3,19,DPC micelles
200,KIFGAIWPLALGALKNLIK,5j6w,SOLUTION NMR,88.9,0.089,3,19,DPC micelles
201,MGIIAGIIKVIKSLIEQFTGK,5khb,SOLUTION NMR,92.5,0.286,5,21,Water:TFE mixture
202,QPFIPRPIDTCRLRNGICFPGICRRPYYWIGTCNNGIGSCCARGWRS,5lcs,SOLUTION NMR,77.5,0.522,1,47,Water
203,ADDRCYRMCQRYHDRREKKQCKEGCRYG,5lm0,SOLUTION NMR,82.9,0.391,3,28,Water
204,RWCVYAYRRVRGVLVRYRRCW,5m9u,SOLUTION NMR,93,0.23,3,21,Water
205,RMCKTPSGKFKGYCVNNTNCKNVCRTEGFPTGSCDFHVAGRKCYCYKPCP,5nce,SOLUTION NMR,95.6,0.72,3,50,Sodium acetate buffer
206,WGWKEVVQNGQTIFSAGQKLGNMVGKIVPLPFG,5ujr,SOLUTION NMR,81.8,0.345,3,33,Water:TFE mixture
207,KYYGNGVTCGKHSCSVDWGKATTCIINNGALAWATGGHQGNHKC,5ukz,SOLUTION NMR,63.1,0.321,1,44,Water:TFE mixture
208,GFCWYVCVYRNGVRVCYRRCN,5v0y,SOLUTION NMR,95.7,0.26,5,21,Water
209,GFCWYVCARRNGARVCYRRCN,5v11,SOLUTION NMR,93,0.231,3,21,Water
210,GGVCPKILQRCRRDSDCPGACICRGNGYCGSGSD,5wov,SOLUTION NMR,87.7,0.557,5,34,Sodium acetate buffer
211,GGVCPKILQRCRRDSDCPGACICRGNGYCGYPYDVPDYA,5wow,SOLUTION NMR,79.6,0.5,3,39,Sodium acetate buffer
212,GLGSVFGRLARILGRVIPKV,5x3l,SOLUTION NMR,82.6,0.091,3,20,Water
213,GFGCPFNQGKCHRHCRSIRRRGGYCDGFLKQRCVCYRK,5xa6,SOLUTION NMR,87.1,0.543,3,38,Water
214,GSKKPVPIIYCNAATGKCQRM,5xol,SOLUTION NMR,85.8,0.204,3,21,Water
215,GFAWNVCVYRNGVRVCHRRAN,5y0h,SOLUTION NMR,90.9,0.236,2,21,Water
216,GFCWNVCVYRNGVRVCHRRCN,5y0i,SOLUTION NMR,93.8,0.242,5,21,Water
217,AFCWNVCVYRNAVRVCHRRCN,5y0j,SOLUTION NMR,94.5,0.247,5,21,Water
218,NLCASLRARHTIPQCRKFGRR,5z1y,SOLUTION NMR,67.3,0.168,4,21,Sodium phosphate buffer
219,AGECVRGRCPGGLCCSKFGFCGSGPAYCGG,5zv6,SOLUTION NMR,87.8,0.465,4,30,Water
220,ARECKTESNTFPGICITKPPCRKACISEKFTDGHCSKILRRCLCTKPC,6b55,X-RAY DIFFRACTION,97.4,0.782,5,48,
221,GSACQFWSCNSSCISRGYRQGYCWGIQYKYCQCQ,6b9w,SOLUTION NMR,90.5,0.527,3,34,Water
222,GSACQFWSCNSSCISRGYRQGKCWGIQYKYCQCQ,6bam,SOLUTION NMR,90.4,0.529,3,34,Water
223,GMACQFWSCNSSCISRGYRQGKCWGIQYKYCQCY,6bb6,SOLUTION NMR,91.3,0.544,3,34,Water
224,GMACQFWSCNSSCISRGYRQGKCWGKYCQCY,6bi5,SOLUTION NMR,92.5,0.558,4,31,Water
225,VFQFLGKIIHHVGNFVHGFSHVF,6c41,SOLUTION NMR,86.3,0.261,3,23,Water:TFE mixture
226,IWLTALKFLGKNLGKLAKQQLAKL,6cl3,SOLUTION NMR,84.4,0.227,5,24,Water:TFE mixture
227,GLPICGETCLLGKCYTPGCSCRRPVCYKNG,6dhr,SOLUTION NMR,93.3,0.524,3,30,Water
228,VCSCRLVFCRRTELRVGNCLIGAVSFTYCCTRV,6dmm,X-RAY DIFFRACTION,91.3,0.506,4,33,
229,VCSCRLVFCRRTELRVGNCLIGGVSFAYCCTRV,6dmq,X-RAY DIFFRACTION,92.6,0.529,5,33,
230,RTCQSQSHRFRGPCLRRSNCANVCRTEGFPGGRCRGFRRRCFCTTHC,6dmz,SOLUTION NMR,91.8,0.656,3,47,Water
231,GIGAVLKVLTTGLPALISWIKRKRQQ,6dst,SOLUTION NMR,89,0.33,3,26,Potassium phosphate buffer
232,FLPIIINLKALAALAKKIL,6duu,SOLUTION NMR,87.4,0.09,3,19,SDS micelles
233,ACDTATCVTHRLAGLLSRSGGVVKNNFVPTNVGSKAF,6e3y,ELECTRON MICROSCOPY,70.9,0.325,2,37,
234,TKLTEEEKNRLNFLKKISQRYQKFALPQYLK,6fs4,SOLUTION NMR,80.6,0.393,5,31,Water:TFE mixture
235,GIGGKILSGLKTALKGAAKELASTYLH,6hz2,SOLUTION NMR,87.3,0.332,3,27,Water:TFE mixture
236,GFGCNGPWNEDDLRCHNHCKSIKGYKGGYCAKGGFVCKCY,6k50,SOLUTION NMR,86,0.517,1,40,Water:TFE mixture
237,GFGCNGPWQEDDLKCHNHCKSIKGYKGGYCAKGGFVCKCY,6k51,SOLUTION NMR,87.1,0.548,5,40,Water
238,RRTCRCRFGRCFRRESYSGSCNINGRIFSLCCR,6kra,SOLUTION NMR,89.5,0.466,3,33,Water
239,ACQCPDAISGWTHTDYQCHGLEKKMYRHVYAICMNGSQVYCRTEWGSSC,6lwy,X-RAY DIFFRACTION,94.3,0.648,4,49,
240,ARQCKAESNTFTGICIAKPPCRQACIREKFTDGHCSKVLRRCLCTKRC,6mry,X-RAY DIFFRACTION,97.2,0.778,3,48,
241,KTCENLSGTFKGPCIPDGNCNKHCRNNEHLLSGRCRDDFRCWCTNRC,6nom,SOLUTION NMR,93.4,0.705,3,47,Water
242,AGKETIRQYLKNEIKKKGRKAVIAW,6o8j,SOLUTION NMR,86.3,0.347,5,25,Water
243,AGKEKIRKKLKNEIKKKGRKAVIAW,6o8p,SOLUTION NMR,87.4,0.346,5,25,Water
244,AWKEKIRKKLKNEIKKKGRKAVIAW,6o8r,SOLUTION NMR,83.5,0.285,5,25,Water
245,AGKEKIRKKLKNEIKKKWRKAVIAW,6o8s,SOLUTION NMR,88.5,0.305,3,25,Water
246,AWKEKIRKKLKNEIKKKWRKAVIAW,6o8t,SOLUTION NMR,88.9,0.303,3,25,Water
247,FETLRGDERILSILRHQNLLKELQD,6r2x,SOLUTION NMR,89.1,0.386,5,25,Sodium phosphate buffer
248,GWGSFFRRAAHVGRHVGRAALTHYL,6rsf,SOLUTION NMR,83.1,0.288,3,25,SDS micelles
249,GWGSFFKKAAHAGKHAGKAALTHYL,6rsg,SOLUTION NMR,80,0.289,5,25,SDS micelles
250,GRRKRKWLRRIGKGVKIIGGAALDHL,6ry9,SOLUTION NMR,81.4,0.256,3,26,SDS micelles
251,WLRRIGKGVKIIGGAALDHL,6ryq,SOLUTION NMR,80.1,0.074,5,20,SDS micelles
252,FLGALIKGAIHGGRFIHGMIQNHH,6rz1,SOLUTION NMR,90.6,0.257,3,24,SDS micelles
253,GWGSIFKHGRHAAKHIGHAAVNHYL,6rzc,SOLUTION NMR,86.3,0.302,5,25,SDS micelles
254,GKGRWLERIGKAGFIIIGGALDHL,6s2d,SOLUTION NMR,91.1,0.278,5,24,SDS micelles
255,KTCENLADTYKGPCFTTGSCDDHCKNKEHLRSGRCRDDFRCWCTKNC,6vpn,SOLUTION NMR,96.7,0.748,3,47,Water
256,GIGDILKNLAKAAGKAALHAVGESL,6wpo,SOLUTION NMR,92.3,0.375,4,25,DPC micelles
257,RTCESQSHKFKGPCLRASNCANVCKTEGFHGGKCRGFRRRCFCTKHC,7c2p,X-RAY DIFFRACTION,94,0.688,3,47,
258,RVCESQSHKFEGACMGDHNCALVCRNEGFSGGKCKGLRRRCFCTKLC,7c31,X-RAY DIFFRACTION,91.4,0.652,5,47,
259,GLPVCGETCVGGTCNTPGCVCSWPVCTRN,7k7x,SOLUTION NMR,92,0.517,3,29,Water
260,AIPCGESCVYIPCISVVIGCSCRNKVCYR,7kpd,SOLUTION NMR,92.3,0.488,3,29,Water
261,MITISTMLQFGLFLIALIGLVIKLIELSNKK,7ns1,SOLUTION NMR,94.5,0.519,5,31,Water:Isopropanol mixture